Workbook

Sheet Raw_Data
B1: S.No. | C1: president | D1: prior | E1: party | F1: vice | G1: salary | H1: date updated | I1: date created
A2: 0 | B2: 1 | C2: GEORGE WASHINGTON | D2: Commander-in-Chief of the Continental Army ( 1775â€“1783 ) | E2: Nonpartisan | F2: John Adams | G2: 5000 | H2: 44391 | I2: 40972
A3: 1 | B3: 2 | C3: JOHN ADAMS | D3: 1st Vice President of the United States | E3: Federalist | F3: Thomas Jefferson | G3: 10000 | H3: 44391 | I3: 40972
A4: 2 | B4: 3 | C4: THOMAS JEFFERSON | D4: 2nd Vice President of the United States | E4: Democratic- Republican | F4: Aaron Burr | G4: 15000 | H4: 44391 | I4: 40972
A5: 3 | B5: 4 | C5: JAMES MADISON | D5: 5th United States Secretary of State (1801â€“1809) | E5: Democratic- Republican | F5: George Clinton | G5: 20000 | H5: 44391 | I5: 40972
A6: 4 | B6: 5 | C6: JAMES MONROE | D6: 7th United States Secretary of State (1811â€“1817) | E6: Democratic- Republican | F6: Daniel D. Tompkins | G6: 25000 | H6: 44391 | I6: 40972
A7: 5 | B7: 6 | C7: JOHN QUINCY ADAMS | D7: 8th United States Secretary of State (1817â€“1825) | E7: Democratic- Republican | F7: John C. Calhoun | G7: 30000 | H7: 44391 | I7: 40972
A8: 6 | B8: 7 | C8: ANDREW JACKSON | D8: U.S. Senator ( Class 2 ) from Tennessee (1823â€“1825) | E8: Democratic | F8: John C. Calhoun | G8: 35000 | H8: 44391 | I8: 40972
A9: 7 | B9: 8 | C9: MARTIN VAN BUREN | D9: 8th Vice President of the United States | E9: Democratic | F9: Richard Mentor Johnson | G9: 40000 | H9: 44391 | I9: 40972
A10: 8 | B10: 9 | C10: WILLIAM HENRY HARRISON | D10: United States Minister to Colombia (1828â€“1829) | E10: Whig | F10: John Tyler | G10: 45000 | H10: 44391 | I10: 40972
A11: 9 | B11: 10 | C11: JOHN TYLER | D11: 10th Vice President of the United States | E11: Whig April 4, 1841 â€“ September 13, 1841 | F11: Office vacant | G11: 50000 | H11: 44391 | I11: 40972
A12: 10 | B12: 11 | C12: JAMES K. POLK | D12: 9th Governor of Tennessee (1839â€“1841) | E12: Democratic | F12: George M. Dallas | G12: 55000 | H12: 44391 | I12: 40972
A13: 11 | B13: 12 | C13: ZACHARY TAYLOR | D13: Major General of the 1st Infantry Regiment United States Army (1846â€“1849) | E13: Whig | F13: Millard Fillmore | G13: 60000 | H13: 44391 | I13: 40972
... A48: 44 | B48: 45 | C48: DONALD TRUMP | D48: Chairman of The Trump Organization ( 1971â€“present ) | E48: Republicans | F48: Mike Pence | G48: 405000 | H48: 44391 | I48: 43862

Sheet Data Cleaning
A1: S.No. | B1: President | C1: Prior | D1: Party | E1: Vice President | F1: Salary | G1: Date Updated | H1: Date Created
A2: 1 | B2: =PROPER('Data Cleaning'!$B2) -> John Adams | C2: 1st Vice President of the United States | D2: Federalist | E2: Thomas Jefferson | F2: 10000 | G2: 44391 | H2: 40972
A3: =A2+1 -> 2 | B3: =PROPER('Data Cleaning'!$B3) -> James Madison | C3: 5th United States Secretary of State | D3: Democratic | E3: George Clinton | F3: 20000 | G3: 44391 | H3: 40972
A4: =A3+1 -> 3 | B4: =PROPER('Data Cleaning'!$B4) -> John Quincy Adams | C4: 8th United States Secretary of State | D4: Democratic | E4: John C. Calhoun | F4: 30000 | G4: 44391 | H4: 40972
A5: =A4+1 -> 4 | B5: =PROPER('Data Cleaning'!$B5) -> Martin Van Buren | C5: 8th Vice President of the United States | D5: Democratic | E5: Richard Mentor Johnson | F5: 40000 | G5: 44391 | H5: 40972
A6: =A5+1 -> 5 | B6: =PROPER('Data Cleaning'!$B6) -> John Tyler | C6: 10th Vice President of the United States | D6: Whig | E6: Office vacant | F6: 50000 | G6: 44391 | H6: 40972
A7: =A6+1 -> 6 | B7: =PROPER('Data Cleaning'!$B7) -> Zachary Taylor | C7: Major General of the 1st Infantry Regiment United States Army | D7: Whig | E7: Millard Fillmore | F7: 60000 | G7: 44391 | H7: 40972
A8: =A7+1 -> 7 | B8: =PROPER('Data Cleaning'!$B8) -> Franklin Pierce | C8: Brigadier General of the 9th Infantry United States Army | D8: Democratic | E8: William R. King | F8: 75000 | G8: 44391 | H8: 40972
A9: =A8+1 -> 8 | B9: =PROPER('Data Cleaning'!$B9) -> Abraham Lincoln | C9: U.S. Representative for Illinois' 7th District | D9: Republican | E9: Hannibal Hamlin | F9: 95000 | G9: 44391 | H9: 40972
A10: =A9+1 -> 9 | B10: =PROPER('Data Cleaning'!$B10) -> Ulysses S. Grant | C10: Commanding General of the U.S. Army | D10: Republican | E10: Schuyler Colfax | F10: 115000 | G10: 44391 | H10: 40972
A11: =A10+1 -> 10 | B11: =PROPER('Data Cleaning'!$B11) -> James A. Garfield | C11: U.S. Representative for Ohio's 19th District | D11: Republican | E11: Chester A. Arthur | F11: 135000 | G11: 44391 | H11: 40972
A12: =A11+1 -> 11 | B12: =PROPER('Data Cleaning'!$B12) -> Grover Cleveland | C12: 28th Governor of New York | D12: Democratic | E12: Thomas A. Hendricks | F12: 155000 | G12: 44391 | H12: 40972
A13: =A12+1 -> 12 | B13: =PROPER('Data Cleaning'!$B13) -> Grover Cleveland | C13: 22nd President of the United States | D13: Democratic | E13: Adlai Stevenson | F13: 175000 | G13: 44391 | H13: 40972
A14: =A13+1 -> 13 | B14: =PROPER('Data Cleaning'!$B14) -> Theodore Roosevelt | C14: 25th Vice President of the United States | D14: Republican | E14: Office vacant | F14: 195000 | G14: 44391 | H14: 40972
... A47: =A46+1 -> 46 | B47: =PROPER('Data Cleaning'!$B47) -> Barack Obama | C47: U.S. Senator | D47: Democratic | E47: Joe Biden | F47: 395000 | G47: 44391 | H47: 43862
B48: =PROPER('Data Cleaning'!$B48)

Sheet REPORT
A1: Data Cleaning and inpection Report
A3: Objective
A4: The purpose of this task was to inspect, clean, and standardize the dataset t | H4: to ensure accuracy, consustency, and readiness for analaysis.
A6: Data Inpection
A7: The dataset was first inpected to understand and identify errors, inconsistencies, and areas requiring cleaning. This helped determine the necessary adjustment before analysis.
A9: Data Backup
A10: Before making any modifications, a duplicate copy of the dataset was created to serve as a reference and backup. This ensured that the original data remained available in case any errors occurred during the cleaning process.
A12: Data Cleaning Activities Performed
A13: 1. Removal of Duplicates: Duplicates columns/entries were identified and removed to ensure each record is unique and to prevent data redundancy
A14: 2. Serial Number Reorganization : The S.No column was recreated to ensure proper sequencing and logical order of records
A15: 3. President Column Cleaning : Blank calls in the president column were identified and removed to maintain completeness and accuracy.
A16: 4. Find and Replace Operations: The find and replace tool was used to clean and standardize values .
A17: 5. Vice President Column Review : The vice president column was inspected carefully to ensure all rows contained accurate and properly aligned information .
A18: 6. Salary Column Formatting : The salary column was formatted into currency format by adding the dollar ($) and applying proper numerical formatting for consitency
A19: 7. Date Column Formatting : The data column was converted from numeric format into a readable short data format for better interpretation and usabibility.
... A29: 5. Ready for analysis and reporting.
